Deal_title,Success_probability
TitleAD16O,53.6889999999999
TitleOW6CR,52.44569999999989
TitleVVJQ5,54.24599999999989
TitleUS8NA,49.52069999999994
Title5VGWW,51.17969999999989
TitleE2WOK,50.53799999999994
Title8CF62,50.76279999999993
TitleF8687,49.25789999999994
TitleWNTYU,52.6510999999999
TitleXK47X,52.83259999999989
Title2QCON,52.6510999999999
TitleR9W92,52.76989999999989
TitleY5USZ,54.45029999999988
TitleY4MJP,52.5880999999999
Title1W8YF,48.98989999999995
Title9HII9,52.499099999999885
Title725I7,52.68449999999989
TitleTB8A9,51.12589999999989
Title9CM6M,48.85949999999993
Title2ATAG,52.27289999999989
TitleAKV0K,51.03929999999988
Title40AN7,51.15589999999989
TitleQC654,50.91999999999989
TitleDYIL3,48.881499999999946
TitleEX1S3,51.83009999999991
TitleAMLDL,51.180999999999884
TitleQH7E7,50.229699999999944
TitleT52E7,51.93569999999991
TitleTGRSX,50.11229999999995
TitleNL1RF,53.95669999999989
TitleXOLYB,48.92209999999995
Title6M0R1,52.6856999999999
TitleO3EA1,52.6510999999999
TitleDOHV2,51.067299999999896
TitleBZERW,51.897899999999915
TitleGD2UX,52.83259999999989
TitleWLHM9,51.04969999999989
TitleKCOAN,51.96199999999991
TitleZLSEG,54.25109999999989
TitleIJCLT,52.56309999999989
Title6TO0C,50.76279999999993
Title6G0HX,50.77489999999992
TitleOI849,49.12619999999995
TitleFOU96,54.31669999999989
Title1JMW2,52.93449999999991
TitleEK2G5,50.5122999999999
TitleFCVZZ,51.4115999999999
TitleYWT9O,53.10659999999989
TitleONFNK,50.541799999999945
TitleYBWHO,48.92729999999994
Title0ABZU,51.067299999999896
TitleRL0H9,53.1719999999999
Title7EQFB,53.5135999999999
Title4EV1D,53.35429999999989
TitleBGKH2,52.904299999999886
TitleDTP0Z,52.9226999999999
Title11K82,51.68049999999988
Title7VF6X,52.6856999999999
TitleQU2CO,48.98989999999995
Title64YS8,50.790899999999915
TitleFIM0Q,51.137199999999886
TitleCWEHX,49.45169999999994
Title92460,52.735299999999896
TitleWJ99Y,53.220699999999916
TitleKRL1N,52.49089999999989
TitleL3YT1,51.839999999999904
Title38LJL,52.55769999999989
TitleH6EHH,49.18069999999994
Title85MTC,52.66189999999989
TitleKHY4R,51.73009999999991
TitleVSLNT,52.817099999999904
Title87H8W,50.36579999999987
TitleF6Y3O,53.51859999999991
TitleARV9A,50.82319999999988
TitleNOVXO,53.34029999999991
TitleB9BV2,54.22759999999987
TitleBJ1RG,52.135199999999884
TitleCEJAA,53.18159999999989
Title6IXFW,51.08599999999989
TitleMMMJ8,52.77149999999989
TitleS2KHC,51.928499999999886
TitleBQCK8,49.058599999999934
Title49KAE,53.1531999999999
TitleI75WO,52.56309999999989
Title89CC9,50.67349999999991
TitleQH1LB,50.23719999999988
TitleO4EZA,48.40769999999995
Title29I32,51.901099999999914
TitleQS6HG,51.237599999999894
Title3X354,50.67349999999991
Title7O1LX,52.839099999999895
TitleTL3RY,51.195899999999895
TitleGNLFA,52.95539999999989
Title2LWRP,53.17799999999989
TitleASNW8,50.799699999999866
Title17AXX,49.38649999999994
Title1ZNU8,48.886099999999956
TitleI91SM,52.177999999999884
TitleT3O89,49.91989999999995
Title7SN4U,49.38649999999994
TitleXTN7N,49.12999999999994
Title60US8,51.25339999999989
TitleHQHV8,50.24839999999987
TitleKRERU,51.73799999999991
Title2LMSH,51.783099999999884
TitleRUNZZ,50.91949999999989
TitleNWNCQ,53.41419999999991
TitleX4XVX,52.76989999999989
TitleZZ8C4,53.56719999999991
Title40VOT,48.67119999999995
TitleVJE93,50.87129999999987
TitleT6IFU,53.482999999999905
TitleJTB5C,50.79549999999992
TitleP27G5,53.181799999999896
Title9MOY9,52.057699999999876
TitleL2MIQ,51.5467999999999
Title4C0R3,51.189899999999895
Title9M68F,54.41279999999987
TitleTV4EP,49.15909999999995
TitleGRQSE,49.170299999999955
Title66KV3,52.53809999999989
TitleZGL83,53.035799999999895
TitleDXX1I,52.412699999999894
TitleJEC3R,52.531099999999896
TitleJ86PA,51.90249999999991
TitleY63E7,52.76989999999989
TitleTIZWH,48.845699999999944
Title8Q2VE,52.61209999999989
TitleU4TJJ,50.75469999999987
Title3DJSM,50.97649999999989
TitleQK0GK,49.39109999999994
Title1RJEO,48.935699999999954
TitleQLAAT,54.18999999999988
TitleE5SMZ,49.121799999999936
TitleBCI7X,53.110199999999885
TitleEJ8QG,48.657399999999946
TitleF952N,50.561899999999895
TitleTSFVY,49.005699999999955
TitleMDHHH,53.1719999999999
TitleRHKWU,53.18399999999989
Title5FQ2D,51.81109999999988
TitleC9DTF,50.91949999999989
TitleMNACX,51.10779999999989
Title3HAQN,50.92839999999989
TitleVZ77S,53.346099999999915
Title9XK7J,54.41279999999987
TitleXAZ58,52.9230999999999
Title5AVS8,50.04709999999994
Title2GZ5L,51.93449999999988
TitleQVCQO,51.953099999999914
TitleQU41K,48.88489999999996
TitleMSQ29,53.3889999999999
TitleGF3AR,52.80909999999989
TitleM1Y03,50.88019999999993
TitleO050D,51.13179999999989
TitleMY1JL,50.354599999999884
TitleHR6TI,54.200799999999894
TitleQYD01,49.002699999999955
TitleDTQVL,53.19739999999989
TitleL0TYU,52.67389999999989
TitleCBNHL,52.452099999999874
TitleKU2HW,53.27419999999989
TitleVLF3R,49.27369999999994
Title8ZAVN,53.442299999999896
TitleZQS1N,52.26209999999989
Title6RJPI,52.59989999999989
TitleFITS4,48.92519999999995
TitleH7DCS,52.013999999999875
TitleW6KGP,53.35279999999991
TitleB19A4,52.662899999999894
Title3K0H0,48.99889999999995
TitleQETZZ,51.24879999999989
TitleMMOKL,53.000799999999884
TitleVB7TN,50.53799999999994
TitleP31A3,52.38169999999988
Title84WTP,53.60039999999991
Title8O71H,49.04259999999995
TitleEOOL3,51.68279999999991
TitleSL7PN,52.713199999999894
TitleNNMNX,51.82189999999988
Title94T7J,53.1531999999999
Title5TW58,51.1676999999999
TitleFSOQQ,53.03069999999989
Title3U0Q9,54.23199999999987
Title5TU5S,54.07699999999988
TitleZ0JY8,53.17439999999989
TitleTXY8Q,50.948799999999885
TitleVFIT3,51.16309999999989
Title7U9QA,51.19449999999989
TitleYQ0XO,53.20639999999989
Title7MGIZ,53.3520999999999
Title9072O,51.92319999999991
TitlePIGTN,52.67229999999989
TitleN0MYB,53.442299999999896
TitleRIWZ8,53.16519999999988
TitleZIGTQ,52.39129999999989
TitleTW439,51.17969999999989
TitleUIT6V,50.774899999999896
TitleR6XH3,53.2504999999999
Title58R3H,50.36579999999987
TitleDEBAJ,51.027799999999885
TitleQZ64P,53.2042999999999
TitlePR1PN,48.92849999999996
Title482NU,52.08039999999991
TitleGZLAP,52.92369999999991
TitleS9B92,50.29799999999987
TitleY95FX,52.52029999999989
TitleFMC0D,49.12159999999995
TitleI0INY,49.375299999999946
Title0GAJI,52.38329999999989
Title6LA9P,49.26909999999994
TitleKILVF,52.057699999999876
TitleAITZX,49.98889999999995
TitleL6A1J,51.15189999999989
TitleCYT9J,51.17869999999989
TitleDST6L,52.057699999999876
Title6BNFS,52.66189999999989
TitleXAPT4,53.8191999999999
TitleHJ3WF,51.82189999999988
TitleNDJ2A,50.421499999999945
TitleYYGY8,52.934199999999905
TitleCVP13,51.88979999999991
TitleL7DS2,52.8202999999999
TitleVO0MI,53.201799999999885
Title1QLMW,51.15189999999989
TitleAFWVU,50.04289999999995
TitleMQGXY,50.354599999999884
TitlePS05F,51.078699999999905
TitleTBPD7,53.075799999999894
TitleSC6IH,50.541799999999945
TitleWMDY2,48.86289999999996
Title8AXHN,53.27419999999989
Title8WJ3G,51.81369999999991
TitleSYQ3F,48.40769999999995
TitleF0S76,52.19379999999989
Title23FI5,50.251099999999944
TitleYM00H,50.79549999999992
TitleV4Q21,51.171699999999895
TitleZW3VH,50.370399999999876
TitleWTD4L,52.64949999999989
TitleHGN2A,52.09539999999989
Title5NAK8,49.00349999999996
TitleAFWDD,52.0158999999999
TitleCVTAZ,48.85949999999993
Title6S2L6,53.42209999999989
TitleU7VJM,54.00979999999989
Title25JJZ,54.22759999999987
TitleU2OST,49.375299999999946
TitleZK1N8,51.061299999999896
TitlePJS42,50.872099999999875
TitleT2N5V,52.49089999999989
Title2WV7J,53.15679999999988
TitleFAB82,54.313799999999894
TitleUP3M1,52.44029999999989
TitleT2JNN,48.98049999999996
TitleCLQNO,53.1531999999999
Title9R03I,50.867499999999886
Title07QDY,49.178899999999935
Title2IVM3,52.84149999999988
TitleVP36Q,48.725199999999944
TitleK4XJS,52.08179999999988
Title4B9AT,53.27419999999989
TitleIKWWI,53.17259999999989
TitleGIP04,49.38649999999994
Title9PWR5,52.76939999999988
TitleFPMEZ,50.39309999999988
Title2I5M7,53.113799999999884
Title9R98H,51.897899999999915
Title0NIZP,48.396499999999946
TitleWNR0U,52.77149999999989
TitleAHKSJ,51.82189999999988
TitleJQHWZ,51.12359999999989
TitleY63MM,52.80909999999989
Title7R26O,51.16049999999989
TitleERLRI,52.58239999999989
Title9DNDI,51.16049999999989
TitleN1GIT,53.9205999999999
TitleZHHGX,51.9783999999999
TitleILO9W,48.77669999999995
TitleV8J6I,53.27419999999989
Title6FUHU,52.40289999999989
TitleKU88H,52.55129999999988
TitleGWFWJ,53.08979999999988
TitleQUUJE,50.92259999999989
Title1CUT0,50.229699999999944
TitleRPEUI,52.6510999999999
TitleRWN0X,51.07849999999989
Title2TB8F,49.272899999999936
TitleJBP95,52.82939999999989
Title2EHEM,48.93849999999994
TitleJZ4ZZ,52.592699999999894
TitleUR93W,52.558699999999895
Title2EEYL,51.80019999999991
TitleQKKKC,52.80909999999989
TitleBV5KY,50.91949999999989
TitleYEHWZ,54.16519999999987
Title9GWVF,51.839999999999904
TitleLF6V7,51.05119999999989
TitleGEZF0,53.13939999999989
TitleLNVE2,52.532099999999886
TitleM0Z66,48.34449999999995
Title0Z5ME,52.659099999999896
Title72FQJ,49.98889999999995
TitleRIG9O,52.40909999999989
TitleSNRHC,52.58659999999989
TitleZYG49,52.67989999999989
TitleL7PNT,51.10779999999989
TitleR0QR3,52.194299999999885
Title853VR,53.34409999999991
TitleAHYGU,52.32289999999987
TitleUE5GI,53.931199999999905
TitleWQE72,53.39239999999991
TitleB3YJF,52.720899999999894
TitleP5WMY,53.15679999999988
TitleP1ICM,51.116699999999895
TitleKK5F9,50.78849999999987
TitleMD7B7,48.85949999999993
Title6PDLX,50.91949999999989
Title7KCK3,52.50869999999989
TitleE82ZH,52.6554999999999
TitleSOLQY,52.6760999999999
TitleCQMFZ,52.76989999999989
TitleGMHJJ,52.60609999999989
TitleY3CTI,50.370399999999876
TitleE0F81,52.558699999999895
TitleZFA8I,48.886099999999956
TitleULSDL,52.93549999999991
Title34CJS,53.57759999999991
TitleS9KBI,51.2377999999999
Title6CM5T,58.94219999999987
TitleLYI3U,53.44499999999991
Title38R86,50.813299999999884
TitleS82G6,53.12659999999989
TitleSYV81,52.8167999999999
Title9UUQ3,52.5876999999999
TitleHMB3O,51.962999999999916
TitleBC20O,51.77639999999992
TitleYXY72,51.90249999999991
TitleV507Q,50.23349999999994
TitleD1JZI,49.00349999999996
Title0MNUW,52.61209999999989
TitleKSO5Y,50.37439999999994
TitleZ5ZLQ,49.17969999999994
Title2M7AV,49.12619999999995
TitlePQYAC,52.470699999999894
TitleN5OC4,50.37649999999994
TitleG1V42,50.774899999999896
Title4M0M0,53.3238999999999
TitleQBMS6,51.20049999999989
Title2LAUA,53.16279999999989
Title0GLCX,51.91329999999988
Title72Y5L,48.72469999999995
TitleFCGPO,48.32869999999995
TitleOMYPK,53.22669999999991
TitleBZMHQ,51.195899999999895
Title3MF67,53.1531999999999
TitleJLN3N,51.164399999999894
Title881YW,54.127599999999894
TitleXH1PW,53.20719999999989
TitleKUO6X,52.199199999999884
TitleRVF5F,52.199199999999884
TitleFS6PM,53.15679999999989
TitleBLK74,50.78839999999989
Title5SA8C,49.39109999999994
TitleQRM70,50.66489999999989
TitleD8SRX,53.17439999999989
Title30J3Q,51.199699999999886
TitleHD2QJ,52.82939999999989
TitleSEOJC,52.52449999999988
TitleFWTDO,50.354599999999884
TitleTL45U,52.53749999999989
Title3CYSC,52.717299999999895
Title777LR,50.251099999999944
TitleJKMVS,53.054599999999894
Title5SU1I,48.809899999999935
Title7OAQB,50.72769999999992
Title7JR4T,53.6987999999999
TitleOK4D6,51.116899999999895
TitleVWZ8U,48.66379999999995
Title2BFXG,49.12159999999995
TitleQA2XL,52.08179999999988
TitleCRJ51,50.22929999999995
TitleA1E4X,53.13939999999989
TitleKDPSC,49.17969999999994
TitleQD7TQ,49.70969999999994
TitleTXY5O,51.97799999999989
TitleEG6MZ,48.98989999999995
TitleS8CK2,51.043899999999894
TitleXDTHO,54.19439999999988
TitleY3QME,51.96199999999991
TitleSV0GA,50.54259999999995
TitleXP7EA,52.33369999999987
TitleUUFCT,50.85629999999987
TitleFJN80,49.39009999999994
TitleNY5WX,48.840399999999946
TitleRJ1CV,50.91389999999992
TitleN40KU,51.195899999999895
Title8HF4L,52.94999999999989
TitleWTQHE,50.35159999999995
TitleJ8X0T,52.604899999999894
Title5WYGO,52.717299999999895
TitleOX8KK,52.95539999999989
TitleZPRX1,51.81489999999988
TitleGRFOA,53.1931999999999
TitleV587I,50.39309999999988
TitleKW46K,54.41279999999987
TitleZJ2K4,49.107099999999946
TitleEPO7G,50.49309999999994
Title4KC4G,50.53799999999994
TitleSQ1UX,53.11499999999988
TitleXTSXA,54.33449999999988
TitleN9D7T,52.1900999999999
Title3KSPR,51.96199999999991
TitleBSPVW,53.10419999999989
TitleIZBD7,49.05769999999994
TitleH7U28,49.64249999999994
Title1OE44,53.32489999999989
TitleVT583,50.85629999999987
TitlePLYZ7,52.05409999999992
Title5ELG8,53.568199999999905
Title6021C,52.65489999999989
TitleD6QWR,49.25789999999994
Title25DXW,53.13939999999989
TitleKQ4GN,52.52029999999989
Title212WI,53.04719999999988
TitleBLB0L,51.9891999999999
Title7D9HI,52.60349999999989
TitleEBE82,52.839299999999895
TitleV2GHR,52.4814999999999
TitleNEB47,48.99169999999995
TitleQKO2E,50.354599999999884
TitleC1EPZ,49.38649999999994
TitleW7GAO,51.20499999999989
Title4KKQU,48.61029999999996
Title62W3F,48.61199999999995
Title5P4GX,52.7380999999999
TitleXKYVF,48.896099999999954
Title5P66J,53.8117999999999
Title1EE9R,54.19489999999988
TitleXVCR2,50.36579999999987
TitleK44RW,53.43429999999989
TitleDWYFP,54.1066999999999
Title35K93,50.61229999999995
TitleD6C58,53.20719999999989
Title37QC6,52.55029999999989
TitleEJBN9,52.49529999999989
TitleID60J,53.42969999999991
Title5ZBJ5,52.80189999999989
TitlePCO6B,52.20299999999988
TitleM8580,52.817099999999904
TitleIAQL1,50.86799999999988
TitleWLCXK,53.17439999999989
Title5NO46,50.50669999999989
TitleAI3PE,49.12159999999995
TitlePCQZJ,48.787899999999944
TitleHMKTR,52.82939999999989
Title68F6W,51.010699999999886
Title2SOBE,49.26149999999994
Title6QIWC,57.34049999999987
TitleWO5WW,48.99299999999995
TitleJ6LKX,52.50869999999989
TitleEEWU5,51.13599999999989
TitleAX85X,53.11399999999988
Title443L5,53.10659999999989
TitleQC1J3,50.370399999999876
TitleNUPCU,50.80209999999989
TitleGUX97,51.21349999999989
Title5I6VM,50.494899999999944
Title728I0,50.75719999999993
Title96ZGF,48.987699999999954
TitleLU0NA,52.4814999999999
TitleEMAGD,52.684699999999886
Title9H3O7,51.15189999999989
TitleM3CS3,54.2036999999999
TitleP597Y,52.71099999999989
Title01DZ1,53.116199999999886
TitleLNNSR,48.856899999999946
TitleHOIHH,53.08149999999989
TitleGBS9Q,53.14599999999989
Title30FYE,53.37969999999991
Title2SUCH,51.00839999999989
TitleE9XI2,52.76989999999989
TitleDA82X,53.15679999999988
TitleYW8HR,52.013999999999875
TitleJN6AI,54.27569999999988
TitleH2MWB,51.16709999999989
TitleYQVSH,50.86749999999987
TitleQRZJP,52.099599999999896
Title24RUL,50.494899999999944
TitleCRE6X,50.9940999999999
TitleR43PJ,52.6856999999999
TitleP2K1E,52.58469999999989
TitleAOBGF,50.80429999999987
TitleHBYUY,49.39109999999994
TitleEVCML,52.662899999999894
TitleZFAPT,52.85149999999988
TitleYIUI7,49.393899999999945
Title1FPQK,50.85169999999989
TitleUJWBW,53.18399999999989
TitleBJYR7,51.195899999999895
Title8JTF1,50.93119999999989
TitleTZA49,50.86749999999987
TitleT1B7R,54.18999999999988
TitleAM3CB,49.378899999999945
TitleWO5ED,53.22289999999991
Title2TMWH,50.66099999999995
Title06VRW,53.10779999999989
TitleYV0UP,50.933799999999884
TitleO4V34,50.91949999999989
TitleFKSK0,53.172599999999896
TitleNEH76,53.1107999999999
TitleAVXZC,51.4225999999999
TitleV60DG,48.14679999999994
TitleUTZ31,51.20049999999989
TitleC2PWK,48.734199999999944
TitleE4HGA,49.38649999999994
TitleS3ZB0,50.75009999999988
TitleIP9KH,52.057699999999876
TitleCGSRD,54.962299999999864
Title5QXSN,54.31669999999989
Title5Y2T3,48.987699999999954
TitleWD6V4,52.78029999999989
TitleXFC6B,53.23339999999988
TitleG41PJ,52.8167999999999
Title8I7VJ,50.91399999999989
TitleCIF2Z,54.0435999999999
Title3V4QG,48.94229999999994
Title73XMP,50.32149999999989
TitleQLI7E,51.14549999999989
TitleQ7I7W,51.16389999999989
TitleJ4DQW,50.97289999999989
TitleKSVLN,52.5300999999999
Title6MJU4,52.59989999999989
TitleAYMCE,52.555299999999896
Title043KJ,53.35109999999991
TitleS0GE1,50.91949999999989
TitleZNARU,48.845699999999944
Title2PJZB,51.20499999999989
TitleP0GZJ,52.68449999999989
Title38AOP,52.74819999999988
Title2FI5G,52.057699999999876
TitleYMGMA,52.538699999999885
TitleAWKNH,49.25789999999994
Title5UDJC,48.41149999999995
Title8O4SI,48.32869999999995
TitleQAJYO,54.19639999999989
TitleV0DBN,52.78029999999989
TitleVZPED,49.378899999999945
TitleO1AYG,50.61229999999995
Title5P39E,53.1531999999999
Title108RD,51.05119999999989
Title1HV11,53.22759999999989
TitleREAXR,52.59229999999989
TitleYHGTP,48.94309999999994
Title1FBD5,52.1458999999999
TitleXIV7E,50.53799999999994
TitleHBD7W,48.99169999999995
TitleSNRI6,52.60829999999989
TitleJNM2W,52.13139999999988
TitleLT4SL,52.50869999999989
TitleAXAZF,51.00159999999989
TitleZWBNC,52.106599999999894
TitleQJ4WL,49.00349999999996
TitleCR7DT,52.78029999999989
Title3NIBO,49.378899999999945
TitleZL24H,50.86289999999988
TitleFQSKJ,53.02139999999988
TitleBNU2C,54.0435999999999
TitleKD877,51.116899999999895
TitleFQJXF,51.099299999999886
Title64GLO,52.6760999999999
TitleMSE5Y,51.16389999999989
TitleQZ49S,48.725199999999944
TitleJ4L5V,54.402299999999876
TitleFNW5B,56.71609999999993
TitleF9B29,50.91949999999989
TitleS1YFA,50.85169999999989
TitleHRIXA,51.067399999999886
TitleQ6MXK,52.65489999999989
TitleSUBDW,48.87889999999996
Title83RZD,52.406699999999894
TitleUZ1WK,53.22289999999991
TitleFXCG1,54.15729999999989
TitleGB31Y,50.30659999999993
Title4V7DH,49.04259999999995
TitleXKJOO,50.75009999999987
TitleL4PKX,52.628899999999895
TitleXJ4U2,53.295399999999894
TitleF5WUU,50.66099999999995
TitleCXS2J,51.03929999999988
Title3E422,50.872099999999875
TitleSA53I,53.1265999999999
Title4TW3L,49.018099999999954
Title2JPQN,48.98989999999995
TitleVGL10,51.20499999999989
TitleC0Z97,48.92729999999994
TitleZWGTT,53.8191999999999
TitleHRY59,50.86019999999989
TitleCA0PS,51.25339999999989
Title92JV6,54.30739999999988
Title921U4,53.08899999999989
TitleEE9YB,51.14839999999988
TitleUXYL0,48.92849999999996
TitleU6AP7,48.87529999999994
TitleEMRKZ,53.508299999999906
TitleIR8CL,52.80189999999989
TitleDR4D4,53.44499999999991
TitleI7MHB,53.21689999999992
TitleJYDUH,53.1830999999999
TitleOOHW2,50.523799999999866
TitleAA0K2,50.86749999999987
TitleQI6S3,51.08889999999988
TitleEN5WF,53.23779999999988
TitleASAWY,50.93069999999989
Title0XG83,49.04259999999995
Title7R23W,49.12619999999995
TitleWHX4L,49.230299999999936
Title1ER2Y,53.035799999999895
Title9VTVJ,50.50669999999989
TitleWRVN0,53.172599999999896
TitleN0LUE,51.790899999999915
TitleYXVMN,53.1830999999999
TitleQ0LPL,52.83179999999988
Title56GMA,49.39109999999994
TitleLI03A,49.98889999999995
TitleWZ253,52.65069999999989
TitleLXK51,51.17089999999989
TitleDGNUU,48.77669999999995
TitleMQ41O,52.67269999999989
Title25ZKS,52.888499999999894
TitleNR8HN,53.120399999999876
TitleCPVCW,49.15429999999995
Title8KABP,52.15719999999989
TitleIMHXK,50.74119999999993
Title7HHOZ,53.1531999999999
TitleMGECQ,50.804499999999926
TitleOQU6Q,53.6266999999999
Title3T8Q8,50.872099999999875
TitleH4R55,53.509299999999904
TitleJ69RU,52.49529999999989
TitleC7RYX,51.012199999999886
TitleURF8X,50.110099999999946
TitleJLQ0Y,51.12589999999989
TitleSZL62,54.32529999999988
TitleKP3U7,53.308899999999895
TitleTRE3S,48.99169999999995
TitleN6F2A,51.195899999999895
Title4LFA1,53.49709999999991
TitleNU02U,52.50869999999989
TitleZFXCP,52.6510999999999
TitleMMAZY,53.37449999999989
TitleYNGW5,49.170299999999955
TitleMMDN8,51.1201999999999
TitleJJOCR,48.71579999999995
TitleISH2D,53.91339999999989
Title6OWJL,51.131399999999886
TitleJE4O9,49.005699999999955
Title3Q4OR,51.29249999999989
TitleH0UQK,54.31229999999989
Title5LQOQ,53.45919999999991
TitlePN59V,50.37439999999994
TitleAIMZ4,52.59989999999989
TitleR0HQW,51.281299999999895
Title86L33,50.30409999999994
TitleN7R4T,52.78029999999989
TitleMAO9L,54.19489999999988
TitleY6XA5,52.941299999999885
TitleI8ERD,51.13179999999989
TitleUJYEL,49.378899999999945
TitleKYSRZ,52.86449999999988
Title7RZD6,49.59309999999994
TitleOVNNA,54.04109999999989
TitleXCW6I,52.67269999999989
TitleC700S,51.067299999999896
TitleTV7P4,52.45749999999989
TitleRQ5OT,53.035799999999895
TitleU6ACG,50.49309999999994
TitleP1WHY,51.1201999999999
TitleAJ8XX,53.3520999999999
TitleX99W6,52.38329999999989
TitleY1SAV,50.93069999999989
TitleID0JM,50.85429999999989
TitleLFI9R,53.299199999999885
TitleQ7FOO,51.171699999999895
TitleYLBWY,51.055799999999884
Title8SPUR,52.82939999999989
Title9HRQL,50.97249999999989
TitleUHPKX,52.76159999999989
TitleBLUPD,49.37409999999994
TitleS73N4,51.928499999999886
TitleLHPZC,51.81109999999988
TitleKXZVP,50.54359999999995
TitleQ8ZJ5,50.878199999999886
TitleVQ58V,52.839299999999895
TitleRCGOM,50.475799999999936
Title205FL,50.541799999999945
TitleQ0JJA,53.01909999999989
TitleNKJ1P,53.38009999999991
TitleDL5RK,52.10759999999989
TitleDXHHB,50.686099999999925
Title1HO0Y,50.613699999999916
TitleR0GBY,53.433299999999896
TitleGW5DY,53.045399999999894
TitleZ6KT9,50.93069999999989
TitleA5BKG,51.14839999999988
TitlePSZTQ,51.79469999999991
Title3VAP1,50.91949999999989
TitleULTS1,48.87889999999996
Title280ZR,52.50869999999989
TitleW4DV8,48.59019999999995
Title0GAD5,48.96689999999994
Title1N8A6,48.07519999999994
TitleFLH8A,50.10109999999987
TitleH23CM,52.452099999999874
TitleT269F,52.8202999999999
TitleR5U46,54.19489999999988
TitleZEREP,52.63239999999988
Title7HJF4,50.23719999999988
Title8PQZL,52.57249999999988
TitleEGIZM,51.90829999999992
Title408P2,52.934199999999905
Title8GRU3,50.89559999999989
TitleW1T1J,53.745599999999904
TitleJISI6,53.166899999999906
TitlePCZK5,53.9321999999999
TitleR6W9K,51.281299999999895
TitleS398A,52.717299999999895
Title3O3Z7,49.375299999999946
Title76D08,53.03169999999991
TitleNXYVG,48.33989999999994
Title1ZANJ,53.28999999999989
TitleY3W82,52.763999999999875
TitleY7YHY,49.11039999999995
TitleXX8MH,49.29809999999994
TitleUO1RJ,51.5417999999999
TitleW91AR,49.375299999999946
TitleXTQNO,54.28749999999989
TitleKY5CH,52.40949999999989
TitleK5PA7,52.8666999999999
TitleMNYZG,51.29249999999989
TitleFZWCL,50.81789999999989
TitleRTETD,50.98249999999989
TitleRM0AT,52.05409999999992
TitleF2I93,52.71979999999988
TitleCGK0T,52.934199999999905
TitleLDY20,48.653999999999954
TitleG7ASQ,52.38329999999989
TitleQ0LC9,52.5336999999999
Title6F1QJ,49.26149999999994
TitleNV8HX,52.50869999999989
Title5RB1Y,52.08179999999988
TitleZFZU0,51.16129999999989
TitleSV3V8,50.619299999999924
TitleQ0D4D,49.04159999999994
Title1N86W,53.32489999999989
Title96N3Z,51.839999999999904
TitleM1RQ5,53.165599999999884
TitleFZ9P9,48.662599999999934
Title5TEF6,52.09539999999989
Title2JDEQ,52.0724999999999
TitleDT2SJ,52.106599999999894
TitleUH7UE,52.46109999999989
TitleX8GD0,50.37439999999994
Title39FPS,51.1114999999999
Title41VTG,51.00159999999989
TitleGM3Q4,50.95609999999989
TitleJG6EE,52.68449999999989
TitleB59S5,52.843099999999886
TitleM5YGV,51.74589999999991
TitleRDY6Q,51.164399999999894
Title2DZSU,49.26909999999994
TitleQ6AE6,52.470699999999894
TitleXF7WO,49.15909999999995
TitleQUNLH,53.12959999999988
Title3XAGQ,53.18569999999989
TitleTJYTM,52.11019999999988
TitleMXYD9,54.1565999999999
TitleZVEUN,48.93849999999994
Title6I28C,53.11529999999989
TitleJVPCM,54.30739999999988
TitleKMH84,53.113799999999884
TitleUZH7Y,51.8895999999999
TitleJT4D6,50.69379999999993
TitleO6I2Z,51.84509999999991
TitleKJW77,50.81899999999989
TitleIS8WY,51.18469999999989
TitleDBU52,50.61229999999995
TitleX53DD,53.022899999999886
Title2U4U7,51.86069999999988
TitleFIMG6,49.39009999999994
Title84QHN,53.035499999999914
TitleL1CUK,50.28679999999988
TitleCKTYO,51.16709999999989
TitleA3J06,52.55769999999989
TitleSA5JQ,52.53769999999989
TitleVTIQ0,53.80199999999991
Title20LYN,51.95019999999991
TitleLYJHC,52.057699999999876
Title79OW9,52.71439999999988
TitleVDS21,52.60989999999988
TitleL2JEW,49.01349999999996
Title91TMK,51.15589999999989
TitleNQ6UW,50.229699999999944
TitleFZGVV,53.320599999999914
TitleRJCDZ,50.37189999999994
TitleHHBDW,51.81489999999988
TitleSRVI6,58.62849999999985
TitleBKT65,50.23719999999988
TitleVG340,54.1565999999999
TitleJ7HCY,52.470299999999895
TitleZ96R8,52.57329999999989
Title4WUD8,53.30509999999989
Title2BP97,49.00229999999996
TitleD1HSV,53.46019999999991
TitleC2UUJ,51.03449999999989
Title9G7Z7,52.803099999999894
TitleI1KEN,52.50869999999989
TitleKPLT4,52.80189999999989
Title4ZWP5,52.8202999999999
TitleBS0WL,49.00229999999996
TitleKKWCA,51.4243999999999
Title0FU5S,50.97289999999989
TitleE0KRJ,50.389299999999885
TitleVVRFD,52.19379999999989
TitleHT658,48.887499999999946
Title852B3,52.78029999999989
TitleUXIF0,50.72309999999991
Title9JWRB,52.6856999999999
Title8UR96,48.14759999999995
TitleZ7KJ0,52.690699999999886
Title8FJ5H,49.01349999999996
TitleHH06V,54.284799999999926
Title9I3T6,50.804499999999926
TitleF8HC1,54.13319999999988
TitleON8DS,49.11039999999995
TitleSAZ3H,53.13869999999989
TitleDYABC,48.878099999999954
TitleW88NY,53.7439999999999
Title82CIH,49.053799999999946
TitleO56QD,48.93849999999994
Title3MLCN,52.31169999999989
Title7UY6H,50.23349999999994
TitleDNR3M,53.08979999999988
Title7B6CX,52.662899999999894
Title07MM6,50.79549999999992
TitleI9IAV,53.8117999999999
TitleYK4LF,50.511299999999885
TitleBQUYG,53.381999999999906
TitleRV8BW,50.423999999999936
Title5ITDB,49.06229999999994
TitleW76GX,52.803099999999894
TitleB729Z,52.95539999999989
Title6YTWX,51.29709999999989
TitleQ8BFC,53.31269999999989
TitleV27SW,51.090599999999895
TitleLDP9Z,51.24879999999989
Title54BZJ,53.19739999999989
TitleK9D3B,50.85629999999987
TitleAAQG7,51.21349999999989
Title2WVH7,48.98989999999995
TitleQMG6A,48.92729999999994
TitleOHTAM,53.116199999999886
TitleV03GG,50.68709999999992
TitleWSZ3T,52.77149999999989
TitleAVXHK,53.10659999999989
TitleVTXCA,51.16709999999989
Title7941F,53.075799999999894
TitleT93VF,50.872099999999875
TitleED8J4,54.11459999999987
TitleBNIB0,53.5081999999999
Title8L2FQ,53.06989999999988
Title013WA,51.790899999999915
Title6U8JD,52.50869999999989
TitleIZ79K,54.239599999999875
Title5PLDW,52.555299999999896
TitleXUBFQ,50.251099999999944
TitleXQ02F,50.935299999999884
TitleA12R8,49.091299999999954
Title2CV9B,49.70589999999994
TitleU8E3D,49.00229999999996
Title9PCE2,52.67949999999989
TitleP0FXZ,50.86749999999987
TitleCFQ3K,51.897899999999915
TitleMGDZ8,48.99299999999995
TitleIG909,49.11039999999995
Title6JM16,53.35469999999989
TitleAGWZH,48.93849999999994
Title5DKVV,54.325899999999876
TitleFFUCT,49.06149999999993
TitleGV7XI,52.839299999999895
TitleZL409,52.470699999999894
Title31RSX,48.809899999999935
Title3JEMA,48.655199999999944
TitleZB5U0,52.379499999999894
TitleM109I,52.68449999999989
TitleU7WEV,53.97099999999989
TitleO3PQQ,51.92319999999991
TitleVDD91,52.839299999999895
TitleOJV2K,50.11089999999995
TitlePLWWG,53.481999999999914
TitleBCQIN,52.64229999999989
TitlePKRME,53.1830999999999
Title9IF16,48.40769999999995
TitleNFJJ0,50.813299999999884
TitleS0ZXM,52.56609999999989
TitleVHI07,52.32289999999987
TitleI6DYI,52.78029999999989
TitleZQRIZ,52.072699999999905
Title7APVX,53.178599999999896
TitleHFKTG,51.356599999999894
TitleGUFXV,52.25509999999987
TitleN3VPE,48.34449999999995
Title31RKT,52.622699999999895
TitleY0HVR,51.29249999999989
TitlePQ5SJ,52.78029999999989
TitleWJZHU,50.12809999999995
TitleM49YE,48.76879999999994
TitleUMLYA,48.92849999999996
Title9BHDG,51.54389999999991
TitleBSAAD,52.33369999999987
TitleE0CW3,50.93069999999989
Title73ZNE,50.88019999999993
TitleXZSVX,48.99299999999995
TitleTBE5E,50.85199999999989
TitleXNL80,50.813299999999884
TitleJSMS5,53.178599999999896
TitleQ9F4N,51.17869999999989
Title3PIBO,52.470699999999894
Title9NZL7,53.1265999999999
Title7IIH3,52.46989999999988
Title57ZHD,54.13299999999989
TitleM217C,51.86889999999991
TitleEDOCD,51.08409999999989
TitleMEH6X,52.5988999999999
TitleDUQ23,52.87409999999988
TitleDJKZD,50.62599999999993
TitleK3CB0,51.804799999999915
TitleQDGJS,51.93569999999991
TitleT4ZWO,48.95029999999995
TitleE38OK,53.350799999999886
TitleSQBLU,52.70019999999989
TitleLPIH0,48.99299999999995
TitleEH1XB,48.41149999999995
Title9LMWD,48.98049999999996
TitleIY4JP,53.18399999999989
Title32BHO,53.1994999999999
TitleWRFTS,54.13269999999989
Title6R8YY,51.005799999999894
TitleR4LB9,52.5880999999999
TitleE1AWV,53.37619999999991
TitleH7YB1,51.171699999999895
Title719HX,50.85629999999987
TitleESQPM,51.929099999999885
TitleOZOUT,52.95919999999989
TitleXKOLD,54.28749999999989
Title4ZA24,52.78029999999989
TitleLQHNU,52.71199999999989
TitleY9IG8,51.224699999999885
TitleT6ISM,51.4896999999999
TitleA6121,54.08339999999989
Title375P6,49.375299999999946
Title0I86K,48.935699999999954
TitleVIVN9,48.987699999999954
TitleOWJAW,54.19489999999988
TitleBBMUM,50.48929999999994
Title9VFH9,48.787899999999944
TitleR11CX,53.085399999999886
Title82DQ7,50.86749999999987
TitleIVLS7,49.10729999999994
TitleVZIVX,50.91949999999989
TitleMREEV,53.18159999999989
TitleZLTMX,49.322299999999935
Title1KYR7,51.93109999999991
TitleO0AIE,52.49929999999987
TitleBE5HO,52.83719999999988
Title85EPD,49.11039999999995
TitleUAJOX,50.354599999999884
TitleKXLZ1,49.01729999999995
Title6SVNM,50.50669999999989
TitleIJNJZ,50.24839999999987
Title9ZE5W,49.375299999999946
TitleMPJT7,48.99889999999995
Title9A9O6,50.95739999999989
TitleIU0LO,53.16279999999989
TitleVAKQY,48.99299999999995
Title2K1OA,54.248899999999885
Title72SUU,53.08899999999989
TitleH1PWT,49.04519999999994
TitleQY76J,51.897899999999915
TitleKDURS,51.95739999999991
TitleZA3HK,52.747299999999896
TitleYAU4L,52.74819999999988
TitleCYJDK,51.72309999999991
TitleKANYG,49.39029999999994
Title1HQYD,50.08989999999988
TitleZTMJJ,48.987699999999954
Title1L5SN,50.86749999999987
TitleZ5ZYD,51.94769999999991
Title6TYUI,53.18399999999989
TitleBHSPR,48.987699999999954
Title4B3IC,63.190499999999936
TitleH13PD,52.59989999999989
Title9V62Y,51.077699999999886
TitleSAMZQ,54.1953999999999
TitleQALDY,66.48810000000002
Title87TBE,49.06229999999994
TitleAWG5Y,51.15669999999989
TitleYKL1L,51.04949999999989
TitleUXOC3,51.15669999999989
TitleLRKK5,52.6694999999999
Title5IV1R,52.470299999999895
TitleRSLKR,53.346099999999915
TitleNYKLA,50.91389999999992
TitleXU29Q,50.494899999999944
TitleXWKBQ,50.85629999999987
TitleLPACI,49.091299999999954
TitleR9F1M,53.60039999999991
TitleQHTDD,48.98989999999995
Title4FRC1,53.075799999999894
TitleY1IDY,50.872099999999875
Title9RQ55,50.72769999999992
TitleZHCIX,50.92259999999989
TitleOCI7Q,51.86849999999991
TitlePN8Q4,53.45919999999991
TitleAULBR,51.08809999999989
TitleHVKUX,51.16049999999989
TitleMF27R,52.53409999999989
TitleEEMZV,53.17799999999989
Title0DBE8,51.0108999999999
TitleDKL6N,52.81599999999988
TitleK5NCL,53.36649999999988
Title6HL1Y,52.340699999999885
Title9JHMK,52.6856999999999
TitleY9SAK,49.29809999999994
TitleEL816,52.177999999999884
TitleGBPVN,51.0702999999999
TitleBGCH2,51.15189999999989
TitleD338P,49.58849999999994
TitleESWIC,48.99299999999995
TitleHJOQV,52.40949999999989
TitleOU3NF,52.0724999999999
TitleRVK2Q,53.05699999999989
Title80F7S,53.508299999999906
TitleEP4N9,50.37189999999994
Title92JGX,54.0667999999999
TitleLKGP0,51.897899999999915
Title1T6W8,49.375299999999946
TitleUBYP7,52.80189999999989
Title27VTQ,54.13149999999988
TitleUGIJV,51.03999999999989
TitleK9KZ8,50.65479999999989
TitleDE9J9,53.1265999999999
Title9BIKV,53.4567999999999
TitleL4JQC,50.5122999999999
Title8X1FT,50.23349999999994
Title8XQ8J,50.88019999999993
TitleHDQKC,53.1931999999999
Title2NJU1,54.199299999999894
TitleJSQUT,53.295399999999894
TitleX0SS2,54.126699999999886
TitleO64ZW,53.14909999999991
TitleODYJX,53.3520999999999
TitleX2GH0,53.18599999999989
Title3R3GZ,51.096099999999886
TitleIPLGP,50.734299999999884
Title2ML34,50.75009999999987
Title9IOB9,52.72189999999989
Title9E343,50.541299999999914
Title3RKQV,50.561899999999895
TitleAEYIF,51.17509999999989
Title1ZZK6,52.125999999999884
Title9248W,52.55429999999989
TitleOTY4L,53.20279999999989
TitleNIEBG,50.68529999999992
TitleJ5RYP,51.142999999999894
Title58W1F,53.20639999999989
TitleJW6MX,63.507699999999915
Title1NU6J,51.082699999999896
TitleAA8Q4,50.86749999999987
Title0ZIU0,54.200799999999894
TitleRWTCH,50.474599999999946
TitleZMHRB,52.92369999999991
TitleTWH5D,51.03999999999989
TitleQ2TLG,52.452099999999874
TitleITK46,52.83179999999988
TitleR8ZKN,52.698599999999885
Title0UAXO,51.16709999999989
TitleM7ZNX,52.057699999999876
TitleUT7Z4,52.94999999999989
Title2GENZ,52.0150999999999
TitleTOSC0,52.489899999999885
TitleN3HOJ,52.4814999999999
TitleA9OBP,53.1531999999999
TitleX9YLI,49.70589999999994
TitleRGN7H,53.11679999999989
TitleQ87RT,52.84099999999987
TitleG8IJX,51.897899999999915
TitleQ28IV,53.8117999999999
Title2B84M,53.124799999999894
TitleHNM1N,50.80209999999989
TitleJ7ALN,50.37649999999994
Title1F9JY,52.56249999999989
TitleMLWOG,51.4214999999999
Title4KT4G,52.099599999999896
TitleSIYFQ,53.92079999999989
TitleKTRH7,52.82939999999989
Title4ZEAS,50.56869999999992
Title58LHK,53.38209999999992
TitleCMDBW,51.897899999999915
TitleB05O6,48.211299999999945
Title2RBG8,53.07259999999988
TitleZPMLT,53.42249999999989
TitleNCT73,49.04259999999995
TitleRH0CG,52.69169999999989
TitleM81TL,48.99299999999995
Title59KR5,52.79249999999989
TitleX5F33,52.717299999999895
Title177J6,49.10249999999995
Title48NBL,51.93929999999988
TitleAB617,53.0919999999999
Title2ASW6,53.5175999999999
TitleRY53W,50.10009999999994
TitleDO4IN,49.174099999999946
Title1IFKE,51.05429999999989
TitleK6SAM,52.470699999999894
TitleHHZ3W,50.37189999999994
TitleZSO2H,51.93929999999988
TitleK5HUB,48.987699999999954
TitleQ2CQP,52.53329999999988
TitleP1P2T,50.86749999999987
TitleVAP78,52.6760999999999
Title1ZFZP,54.402299999999876
TitleLKNOQ,51.15189999999989
TitleF5M2L,51.94029999999987
TitleA3JWQ,51.93229999999988
TitleKLE8B,52.199199999999884
Title24VWF,51.18469999999989
TitleY8ZBM,52.77149999999989
Title9PULP,49.39009999999994
Title3NPEW,52.71249999999989
Title91S6N,49.39009999999994
TitleLG9SG,52.52649999999989
TitleXFDU5,51.178899999999885
TitleAZCMZ,53.20279999999989
TitleFNCL9,50.30259999999988
TitleZ71MW,52.5880999999999
TitleYPV5U,49.942899999999945
Title0PFVJ,53.196999999999896
Title2J7WR,53.15679999999988
TitleF9TI2,53.442299999999896
TitleAB70M,51.116899999999895
TitleDCD90,51.04949999999989
Title4N8HW,50.98109999999989
TitleF5ZFB,48.396499999999946
TitleJ2AV8,48.74879999999995
TitleF5C7V,48.40769999999995
Title9HEI4,50.24839999999987
TitleV64ZC,51.98989999999987
Title5QX7S,52.538699999999885
Title7D6RK,54.30739999999988
TitleA6QC4,52.59989999999989
Title1JMO7,53.08979999999988
TitleFJD5Y,53.11679999999989
Title4J8LW,52.80909999999989
Title5YI5T,53.346099999999915
TitleVNV55,51.099099999999886
TitleCSCQX,52.89809999999989
TitleAZKWI,50.25139999999993
Title1AJ2I,52.48269999999989
Title322DK,54.127099999999885
Title9HAQC,53.448799999999906
TitleRHZ7L,52.46589999999989
Title0CZQQ,52.82069999999989
TitleLVY1J,52.93549999999991
TitleACDIX,52.843099999999886
TitleHQM9M,48.67839999999994
TitleX0MK0,52.134299999999904
TitleV8X3S,52.70019999999989
Title2EZYK,49.005699999999955
TitleHHNNF,52.73409999999989
TitleYOYAO,52.52029999999989
TitleIQ98O,48.93849999999994
TitleIHZ2E,52.532099999999886
TitleZ5J52,48.290299999999945
TitleRGHOI,52.95919999999989
TitleIAGU0,49.170299999999955
Title023FO,54.19929999999989
TitleVXYK8,50.49179999999994
TitleOMDNT,52.177999999999884
TitleCZN3X,53.03069999999989
TitleOY6SX,52.39129999999989
TitleR4ON4,51.94029999999987
TitleWUK8H,53.9321999999999
Title9CMQT,49.10729999999994
TitleW3LFX,49.11039999999995
Title2GITH,51.20499999999989
Title19E6A,52.71849999999989
TitleYOECY,53.18159999999989
TitleAZSA4,52.720899999999894
TitlePN4UR,53.33989999999991
TitleY4YQV,52.934199999999905
TitleORBJ6,52.81599999999988
TitleYD7LT,52.32939999999989
Title8SL16,48.13179999999994
TitleXI1UQ,50.30659999999993
TitleL581I,51.68739999999991
TitleH91AX,50.161899999999946
TitleLKVIM,52.206399999999896
TitleWAUBR,50.91949999999989
TitleUHMTR,49.39009999999994
TitleZUF5M,53.30469999999989
TitleJ9J8L,50.93609999999989
TitleDYYCE,48.99889999999995
Title8N7XI,53.931199999999905
TitleAWLB2,49.05839999999994
TitleXXJ1K,52.5876999999999
TitleZF0SP,51.00529999999989
TitleWZ08A,53.390399999999914
TitleRHL71,52.56309999999989
TitleTYKX4,53.22759999999989
TitleD3RDH,52.6760999999999
TitleDXUPU,53.17259999999989
Title5L2C4,53.3523999999999
TitleSBS1A,52.5870999999999
TitleQO1HA,50.28679999999988
TitleF1GCQ,48.87249999999995
TitleN9TKA,50.61229999999995
TitleO08LI,52.54449999999989
TitleKDNOY,52.717299999999895
TitleAIU0F,53.06569999999989
TitleIFVXB,48.94229999999994
TitleT5EG9,52.66189999999989
TitleYOP1K,53.433299999999896
Title2QY9H,49.39029999999994
TitleAEVPT,49.38649999999994
TitleAAW85,54.174499999999895
Title6NA9A,52.66189999999989
TitleY8YY5,52.94339999999988
Title0UG9L,48.92729999999994
Title1ID54,52.59359999999989
TitleSMXVA,51.897899999999915
TitleIZDBA,50.36579999999987
Title975KB,50.11089999999995
TitleECHPD,49.38649999999994
TitleOBCLV,50.64359999999993
Title68J6T,52.640699999999896
Title4S2QY,51.98989999999987
Title5JGSD,53.178599999999896
TitleALTXY,51.169799999999896
TitleCWGFU,53.5851999999999
TitlePHHD0,53.47079999999991
TitleKWFTK,53.17439999999989
Title475DZ,52.64029999999989
TitleMTJM7,51.3013999999999
TitlePF61Z,53.1218999999999
TitleBJ2ER,52.20299999999988
Title50LYV,52.177999999999884
TitleH3HUJ,49.121799999999936
Title7IMHP,52.6760999999999
TitleCMKW1,51.07229999999989
Title933SF,49.11039999999995
Title7YS1E,54.9105999999999
Title7EGA7,52.76939999999988
TitleLA7DV,52.54449999999989
TitleDL0DO,51.12359999999989
Title3NZJ5,48.987699999999954
TitleZGOLB,52.88759999999989
TitleLMEVA,52.99299999999988
TitleFP0TV,49.001099999999944
TitleFMIE8,53.6987999999999
TitleJJHXW,51.2373999999999
TitleTVRI1,53.054599999999894
Title3XYTX,53.1531999999999
TitleRE4WS,51.93929999999988
Title3QVNA,52.978199999999894
TitleCUD6G,51.85789999999991
Title1Z5EF,50.511299999999885
TitleEMZJH,50.66979999999988
TitleMIMHZ,53.17439999999989
TitleE3N7P,52.0957999999999
Title9CD16,48.787899999999944
TitleDOTV0,48.93849999999994
TitleS7YMO,51.80019999999991
TitleH9SN9,53.16279999999989
TitleYPB2B,52.205499999999866
Title0XTGZ,51.061299999999896
TitleHR7DD,50.73889999999987
TitleCQ4UW,51.13599999999989
TitleZFYTR,54.28489999999988
TitlePW097,52.031299999999916
Title6U3HV,49.008799999999944
TitleB1B6J,53.13869999999989
Title3UAB7,50.11089999999995
TitleY3U4X,48.89439999999995
TitleEXMHJ,50.94059999999988
TitleZSF9E,52.67269999999989
Title6Y3XE,50.822999999999894
Title7QMJP,54.1066999999999
TitleU9T6A,52.55769999999989
Title9WJB9,52.71129999999989
TitleF0ADH,50.511299999999885
TitleL28X4,49.04159999999994
Title09SLQ,48.93849999999994
TitleGLYDJ,53.1531999999999
TitleQIR2V,50.43889999999988
TitleD0VTL,52.748999999999896
TitleT7QID,54.41279999999987
TitleNGUQY,53.035799999999895
TitleG86YF,52.5918999999999
Title23IO7,52.99879999999989
TitleWQVEK,53.3931999999999
TitleQPHUH,49.58849999999994
TitleKP4G1,52.71199999999989
Title5R18L,50.24839999999987
TitleJRGCZ,49.175099999999944
TitleQ9PBW,52.713899999999896
TitleROHOK,52.384299999999875
TitleXNCK8,48.87029999999995
TitleP6VI0,53.11029999999992
TitleRV2GZ,51.0456999999999
TitleI0P27,52.81599999999988
TitleMM4KT,51.103399999999894
TitleB9XZ4,51.19449999999989
TitleJBD8E,52.93549999999991
TitleO5VGC,51.5417999999999
TitleX32XH,49.20129999999994
Title1U11U,53.088999999999885
TitleLML3B,48.142999999999944
TitleO00RJ,51.13189999999989
TitleSN96Y,53.536699999999904
TitleKA948,50.843099999999886
TitleCVPNF,48.41229999999995
TitleFWMH1,49.00349999999996
Title2PTU0,49.15909999999995
TitleN7CXE,48.809899999999935
TitleH6PYI,50.13269999999995
Title1WBHS,52.34169999999989
Title9BDFO,49.64249999999994
Title2RE9J,52.839299999999895
TitleO3Q5A,52.72189999999989
TitleDRRFS,48.668599999999955
Title5KQ3S,49.59309999999994
Title48Y85,52.22499999999989
Title59YN5,49.053799999999946
TitleEMYF9,48.646799999999956
TitleC5GU4,48.886099999999956
Title4VATZ,50.36579999999987
Title7NA9H,49.11039999999995
Title92PQJ,52.40889999999989
TitleW302Q,51.913099999999915
TitleD00ZR,53.1830999999999
Title70LI7,51.142999999999894
Title2QB21,51.02809999999989
TitleNUPWA,52.72189999999989
Title5E9TK,52.65149999999989
TitleBQICI,49.375299999999946
TitleMKTT7,51.94029999999987
Title53X6Z,53.57759999999991
TitleT3R1J,50.08989999999988
TitleQ3FS0,48.92729999999994
TitleURBH7,50.898399999999896
TitleJLPX0,53.045399999999894
TitleSM0HS,53.98929999999989
TitleJ2GWX,53.32489999999989
TitleNAF56,52.6760999999999
TitleY5HE7,52.83719999999988
TitleBJ7S9,52.76989999999989
TitleG2N7R,48.90069999999995
TitleOFK5C,50.76279999999993
TitleII03Y,52.413299999999886
Title0K217,52.803099999999894
Title0K59O,53.15679999999989
Title8NITG,50.75719999999993
TitleKVY3W,52.83719999999988
Title6CDRU,48.86309999999995
TitleCER71,48.211299999999945
TitleSVC9G,51.103399999999894
Title33K91,50.935299999999884
TitleTZXYI,52.52329999999989
TitleU5X9V,53.17259999999989
TitleGVZWF,50.66599999999988
TitleDMING,51.95739999999991
TitleKLOX9,50.67349999999991
TitleFR2ZC,52.73409999999989
TitleN3TYW,54.28749999999989
TitleVS1Y6,48.935699999999954
TitleHJOH7,48.396499999999946
TitleD9TXZ,48.41149999999995
Title9EPDE,49.175099999999944
TitleRKYAC,52.76159999999989
TitleLMZ1H,48.971699999999956
TitleLDSLR,53.11139999999989
TitleBMT80,52.05409999999992
Title5E40D,52.96629999999988
TitleDVNA5,52.717299999999895
TitleH21KX,49.39009999999994
Title6EWP1,53.8117999999999
Title0FQTT,51.237599999999894
Title3QXI9,52.04779999999989
TitleVEJGJ,51.572699999999884
Title982EA,51.24879999999989
Title00Z6Y,49.10249999999995
TitleRJK37,52.0168999999999
Title7M9YB,48.99889999999995
TitleX21QG,49.39009999999994
TitleP1LW9,54.30739999999988
TitleWH5JN,50.23719999999988
TitleMDJBN,50.106299999999955
Title0AM7W,53.1931999999999
TitleON9VQ,53.18399999999989
Title1M5HJ,51.08409999999989
TitleGAIPV,52.32939999999989
TitlePU8YK,51.804799999999915
TitleT48HB,52.690699999999886
TitleRFQM2,52.56729999999989
TitleSYGAW,50.93069999999989
TitleBH0VD,50.66599999999988
TitleWF5UF,50.368799999999936
TitleG4KL3,52.52629999999989
Title88KT3,52.803099999999894
Title0YJOF,53.83479999999983
Title44M2Y,51.18469999999989
Title2SQHX,50.36959999999988
TitleNBDFJ,52.76939999999988
TitleE01MZ,53.06659999999989
TitleDO9SK,53.08689999999989
TitleYYTTB,54.04739999999989
TitleUO38W,50.85169999999989
TitleCB4WC,51.07229999999989
TitleCY39N,51.9891999999999
Title4T9TO,52.44029999999989
Title8POD5,48.74879999999995
TitleHK0BF,49.11059999999994
TitleDNSAF,52.65149999999989
TitleYGX7S,53.295399999999894
TitleH0QO0,52.08899999999989
TitleA8V1T,49.11039999999995
TitleWKEZP,51.75759999999984
Title6DUW5,54.0381999999999
TitleNC7PU,49.09439999999994
Title8PB1R,53.35109999999991
TitleTIE51,50.37649999999994
TitleY8A1C,49.272699999999936
Title6K5J4,51.17969999999989
TitleNB01M,48.93449999999996
TitleNJJ4A,52.39129999999989
TitleYB0J7,52.1900999999999
TitleXOHHA,52.63239999999988
TitleZVMQ2,48.98989999999995
Title0SZNQ,52.21629999999987
TitleRQ0LY,52.913299999999886
Title8F271,49.39109999999994
TitleXQ1VJ,50.28679999999988
TitleRY9PW,50.68789999999996
TitleD2PQJ,52.015799999999885
TitleW5UO5,52.5918999999999
TitleOXCQI,48.98989999999995
Title5FVH9,52.07529999999988
TitleDAP2Q,53.06859999999989
Title8UT4U,52.855699999999885
TitleZ57ZP,50.98189999999988
TitlePL2LF,48.870699999999935
TitleS6JJC,54.121199999999874
TitleM4TAB,52.41489999999988
Title1RN6T,48.396499999999946
TitleI86XF,52.21199999999989
TitleTYSUA,50.84609999999992
TitleUG3QH,50.83019999999989
TitleI4O1J,49.39009999999994
Title7NIO5,48.33989999999994
TitleZ3MF1,52.5880999999999
TitleX3IV6,53.16279999999989
TitleNOCNZ,52.773199999999875
TitlePCY3C,49.12539999999994
TitleKZ7TL,53.43429999999989
TitleH5282,49.770199999999875
TitleDPKCW,48.41229999999995
TitleQHFL7,51.61269999999991
TitleVI5LB,53.13939999999989
TitleMH112,48.94309999999994
TitleLKN5K,54.19489999999988
TitleIJ2I5,54.14189999999989
Title0ZLP6,51.1676999999999
Title0K4PP,53.42629999999989
Title44ZW0,48.22249999999994
TitleP610W,53.8191999999999
TitleBN2FZ,48.32869999999995
TitleIAZXQ,49.38649999999994
Title2N7I0,50.79649999999992
TitleEWZ0I,49.170299999999955
TitleW6T9C,49.12159999999995
Title2XNIX,53.035799999999895
TitleHMFD3,53.17439999999989
Title72UTS,52.823899999999895
TitleG78PL,49.04169999999994
TitleAF256,51.07249999999989
TitleDPNW9,51.6070999999999
Title41L4W,52.134299999999904
TitleLICVD,53.308899999999895
TitleN44AZ,50.08989999999988
TitleDRALY,50.16649999999994
TitleDMT11,52.193899999999886
Title4ATTT,54.174499999999895
TitleLE5PR,48.809899999999935
Title50PKJ,49.18069999999994
Title6XUBF,50.52199999999994
TitleNISFK,53.165599999999884
TitleB0IUQ,51.804799999999915
Title5TADF,51.15589999999989
TitleFR37S,51.22079999999989
Title089DL,52.60609999999989
TitleP66TX,53.17439999999989
TitleACX2I,54.34499999999987
TitleGIA9P,53.85799999999989
Title797F9,52.6856999999999
TitleAX69B,51.02809999999989
Title7GLBO,52.622699999999895
Title1CMC4,53.116199999999886
Title9T7UA,49.12539999999994
TitleMGDXO,52.5988999999999
TitleZD3D5,49.12159999999995
Title1H9P5,50.42589999999994
TitleW2581,52.33469999999987
TitleF698Q,53.09739999999988
TitleUPPES,50.23719999999988
Title7RFRU,51.16309999999989
Title47TZG,48.396499999999946
TitleGDWO6,48.93489999999995
TitleCP8LA,53.16899999999989
TitleQ6OK6,51.20499999999989
TitleHH40S,53.17799999999989
Title7U4FB,52.13139999999988
TitleZNY1X,49.034399999999934
TitleFOX2L,49.27369999999994
TitleBV2OI,53.8191999999999
Title6FDM3,50.73889999999987
TitleW9RRC,48.99299999999995
TitleQVDQ6,52.582799999999885
Title7AJXS,51.17509999999989
TitlePRD8L,53.22759999999989
TitleU6LVE,52.13859999999989
TitleQ94KP,53.210999999999885
TitleG7EA3,53.145399999999874
Title23V3R,52.82939999999989
TitleWH83M,50.37439999999994
TitleZT7IS,54.01039999999988
TitleE4LN6,49.70589999999994
TitleI1NZN,55.164199999999894
TitlePYUSE,52.81599999999988
TitleN43XI,50.04829999999994
TitleRMEXM,52.81599999999988
TitleMFQKI,53.1531999999999
TitleWD36X,52.934199999999905
TitleL6DQ8,53.43899999999991
TitleW8S9B,53.38939999999991
Title7QAV0,50.872099999999875
Title1BNP4,52.80189999999989
TitleW7NTM,50.354599999999884
Title7VCYO,49.091299999999954
TitleORDFV,54.18899999999988
TitleOTAI0,53.18599999999989
TitleGWTKF,51.031599999999884
Title6IWVE,49.10729999999994
Title6037P,51.61169999999991
Title49OUK,52.53769999999989
Title6QU1Q,51.77639999999992
TitleG8NXX,52.02089999999991
TitleHGNI5,52.56729999999989
TitleI15H7,50.37439999999994
TitleYTG6A,51.18469999999989
TitleZSJC8,50.47709999999995
Title3ZGDR,52.717299999999895
TitleR6M7G,52.70019999999989
TitleTUZMT,51.061299999999896
TitleHKIY4,51.281299999999895
TitleAV8ZD,49.70589999999994
TitleK1ZJK,54.14339999999989
TitleMAEQD,51.4766999999999
TitleVPKN4,53.1531999999999
Title2IRBG,51.29709999999989
TitleB5F4T,48.87029999999995
TitleZ9EFX,49.375299999999946
Title6ZEKF,49.06229999999994
Title07DWS,51.16709999999989
TitleU4JDP,51.15589999999989
Title6SHHD,48.27909999999995
TitleHBWI9,50.87129999999987
TitleGAIRZ,53.201799999999885
TitleIG32W,51.4739999999999
Title12SLE,53.18159999999989
TitlePGD0X,52.057699999999876
Title05KWT,53.052899999999916
TitleCVXCO,51.805799999999905
Title6N8EC,49.27729999999995
TitleIFI2W,52.19379999999989
TitleRNZAN,53.23779999999988
TitleSTP0N,52.7492999999999
Title353HB,49.38649999999994
Title6E9CF,52.88759999999989
TitleR3L72,48.65919999999995
TitleD2CSJ,52.70019999999989
TitleW9RDL,53.120399999999876
TitleR205P,50.57659999999993
TitleCT4IC,52.177999999999884
TitlePGH8X,52.698599999999885
TitleDM68Z,53.299199999999885
Title29DVL,52.470699999999894
TitleS90MD,49.00349999999996
Title2MII0,51.15189999999989
TitleUNRSP,48.396499999999946
TitleN3WKB,53.10419999999989
TitleV2E67,53.31589999999989
TitleFKWIR,53.1531999999999
TitleIK899,52.5336999999999
TitleV2CTC,50.61229999999995
Title34J4I,51.18469999999989
TitleUVKGI,51.654899999999905
Title92X93,52.95539999999989
Title5YS9U,52.68449999999989
TitleYVIJW,49.82889999999994
TitleF7578,48.92209999999995
TitleUH8ZZ,51.21349999999989
TitleIWBQZ,48.92729999999994
TitleWYPBG,50.75309999999989
TitleJMIYB,52.34109999999989
TitleXU1HX,53.18159999999989
TitleC3Z5W,52.54169999999989
TitleETMER,50.81939999999989
TitleHSBKJ,52.106599999999894
TitleYIQZ2,52.720899999999894
TitleW1ON9,51.826999999999906
TitleLP7PK,50.50669999999989
Title8VA0E,51.20049999999989
TitleBAWPB,51.67459999999991
TitlePQ1LB,53.1531999999999
Title9BRV6,54.13149999999988
TitleJUKA7,54.039199999999894
TitleQ65CJ,51.07849999999989
TitleBOJWQ,50.25299999999988
TitleU7RSC,54.39409999999988
TitleOWURI,50.86749999999987
TitleOE6AS,53.052899999999916
TitleMBBS1,52.6760999999999
TitleM1HKD,53.12279999999989
TitleGAVCJ,52.26689999999987
TitleE21NV,52.690699999999886
TitleEN056,50.76179999999993
TitleQRXCS,52.8202999999999
TitlePZTC6,50.85169999999989
Title5Y5W3,50.80209999999989
Title4CYVQ,50.81899999999989
TitleB6BI2,49.175099999999944
TitleW4TC6,53.17439999999989
TitleWIETD,50.62969999999989
TitleSKV0E,50.54449999999994
Title20EBE,66.22760000000002
Title6EPNM,49.00799999999994
TitleWM5AJ,51.02809999999989
TitleD41S4,49.38649999999994
TitleZOR84,50.872099999999875
TitleEABKA,51.29709999999989
TitleZLB8C,53.8117999999999
Title7R8KZ,49.12159999999995
TitleH8FIQ,53.0703999999999
TitleMKIM4,49.05749999999995
TitleQM62M,53.367899999999906
TitleEKK3G,52.06899999999988
TitleY22DA,51.24879999999989
TitleMKO4Z,51.16129999999989
TitleDCVTS,52.71099999999989
TitleCEYQC,52.177999999999884
TitleCDBOX,53.279999999999916
TitleEORA1,49.322299999999935
Title2BAIR,51.16309999999989
TitleT1XSZ,53.56719999999991
TitleHPQPB,49.375299999999946
Title876D6,52.34109999999989
TitleFL87W,52.803099999999894
TitleJFW2L,52.65149999999989
Title6ETEZ,48.881499999999946
TitleH1E78,52.65609999999989
TitleQYOJJ,51.25339999999989
TitleQL8HE,53.198899999999895
TitleZT3Q8,50.47579999999994
TitleTZWKL,52.582799999999885
Title7M6WY,49.12619999999995
TitleYM8T9,52.55649999999989
Title785GK,48.662599999999934
Title5N8TI,52.60829999999989
TitleUH7N5,50.902399999999886
TitleGG5O3,51.043899999999894
TitleKVU1H,50.745499999999886
TitleWK7OQ,49.19009999999994
TitleQ8GET,50.52339999999987
Title6QMQ2,53.06659999999989
TitleZRLPI,52.65249999999989
TitleHQOJX,53.27419999999989
TitleBWVPD,52.95539999999989
TitleBCHD2,49.170299999999955
Title64G3U,51.19449999999989
TitleW2FJH,49.091299999999954
TitleVC0G9,51.01299999999989
TitleP5UAW,48.99169999999995
TitleNZ29W,52.031299999999916
TitleJKOIP,50.83419999999989
TitleJW57A,52.68449999999989
TitleM9PH0,50.22929999999995
Title0KKRY,52.22499999999989
TitleCVUZS,50.541799999999945
Title6MQXH,52.83969999999989
Title63N52,50.30259999999988
Title9R4QJ,52.68349999999989
TitleTQAG6,52.83179999999988
Title4DYBD,53.321599999999904
Title0DGLT,64.50660000000005
TitleEDT5D,53.1931999999999
Title89EJJ,52.44569999999989
TitleQRHV4,51.16309999999989
TitleTL8TV,54.29539999999987
TitleJ5XQU,50.54259999999995
TitleXELRZ,50.79549999999992
Title65YIV,53.40939999999991
TitleZ56L4,48.98049999999996
TitleWJU2L,54.19389999999989
TitleSQI25,50.25299999999988
TitleCWV72,51.01399999999989
TitleHV0G3,50.53799999999994
TitleEWB0E,50.354599999999884
TitleG09TB,54.0435999999999
TitleSXKMN,52.90789999999989
TitleK6ZPA,50.75499999999988
TitleGE5XP,52.13729999999986
TitleYBVTC,52.713899999999896
Title26GJJ,49.00229999999996
TitleC8QVY,53.035799999999895
Title373LX,51.93569999999991
Title4BQM0,48.82539999999995
TitleKIH6U,50.77489999999992
TitleYNDC7,51.17869999999989
TitleV26B8,49.99349999999995
TitleT7E70,51.08309999999989
TitleBTM08,52.93549999999991
TitleED1WD,50.85429999999989
TitleCTHSR,48.92729999999994
TitleJYFJB,52.81599999999988
TitleIK2Y3,49.11039999999995
TitleAP6X5,52.057699999999876
TitleIMIXB,52.59649999999989
Title8AEMM,52.617699999999886
TitleH9JV2,51.06359999999989
TitleZRT1P,53.60039999999991
Title58T6W,49.170299999999955
TitleOSF13,54.04259999999984
TitleKCU06,53.6309999999999
TitleXY39W,53.00799999999989
TitleFJW2F,52.72189999999989
TitleYE2BG,50.11189999999995
Title29M36,52.44029999999989
TitleH04BX,50.24839999999987
TitleLZ8O6,50.858899999999885
Title7UF4N,52.06059999999988
Title4PV8C,51.55259999999991
TitleN08R7,52.67389999999989
TitleTND66,51.928499999999886
TitleQIO3U,48.61199999999995
Title3PDJ0,52.199199999999884
TitleEVNEJ,52.79249999999989
Title0JXLB,51.24879999999989
TitleSST1A,53.35759999999991
TitleW4RI9,51.24879999999989
TitleUCX3N,51.71269999999991
TitleEA9MG,54.44369999999988
TitleCNW0A,52.67269999999989
TitleRE4FM,51.10779999999989
Title2N282,52.71849999999989
TitleVR7UT,50.37569999999994
TitleUWZIY,53.14599999999989
Title3A64B,53.08689999999989
TitleRBCFJ,53.1877999999999
TitleNYTFH,48.41229999999995
TitleBGRFC,53.08439999999989
TitleWWJ6X,52.50869999999989
TitleNK350,52.65069999999989
Title1N1II,52.61209999999989
TitleM1UE9,51.17969999999989
TitleHYQT7,49.11039999999995
TitleG814W,51.04949999999989
TitleB0PMY,50.229699999999944
TitleBBUFI,53.22869999999991
TitleG5VSK,48.34369999999995
Title5RUV3,51.912899999999915
TitleSEV42,53.155099999999905
Title438K1,53.931199999999905
TitleUZ3DI,51.02559999999989
TitleHT479,51.00839999999989
TitleKBBTU,52.538699999999885
TitleEV9GF,50.28379999999994
TitleKRMRZ,51.195899999999895
TitleBB3E1,51.15189999999989
TitleC6G9C,52.8167999999999
TitleVBED8,52.6856999999999
TitleBICN0,52.74819999999988
TitleIOVVV,49.170299999999955
TitleQRU5M,49.30749999999994
TitleL5J9W,50.48929999999994
TitleKAYDU,52.67389999999989
TitleS74OE,48.99299999999995
Title7X8D0,51.14549999999989
Title4TXOJ,54.07699999999988
TitleAI24X,50.80209999999989
Title7WRG6,53.054599999999894
Title2BHH1,53.1531999999999
Title5Q95N,48.89439999999995
Title31YAI,48.40769999999995
TitleJ2D0S,53.47119999999991
TitleATXPL,52.106599999999894
TitleT46RS,52.81599999999988
TitleX7JJE,50.49389999999995
TitleS1BAY,54.29979999999987
TitleAELWU,51.356599999999894
TitleSYDI4,48.93449999999996
TitleQVPSC,50.963399999999886
TitleQSNGK,50.834799999999895
TitleJZOKZ,53.18159999999989
TitleDJ0MS,50.88019999999993
TitleMTTRN,54.25109999999989
Title8E50X,53.045399999999894
Title1EW9T,48.32869999999995
TitleUQVUM,49.318699999999936
TitleWVYG8,48.60479999999994
TitleHTUKM,49.82889999999994
TitleIYOUQ,52.96799999999989
Title11T9M,53.057599999999894
TitleBSUA5,48.87889999999996
Title1QXPN,52.698599999999885
Title1NYOF,48.878099999999954
TitleIHHFR,51.72729999999991
TitleQYFNT,48.88489999999996
TitleVH335,51.928499999999886
Title1PTQJ,52.2632999999999
TitleQEZ5P,48.94309999999994
TitleCVH6V,51.29249999999989
TitleTC6OH,50.86289999999988
Title6R7VX,50.799699999999866
TitleMYCRA,52.71199999999989
TitleITC20,52.92369999999991
TitleCY245,53.1719999999999
TitleO09DL,50.87209999999989
TitleZQGIB,53.97579999999989
TitleJS6ZB,52.80909999999989
Title0GRHA,50.54449999999994
TitleGQJU7,50.86749999999987
Title3XO7D,52.99579999999989
TitleKZCMH,53.482999999999905
TitleUDKQ1,49.053799999999946
TitleIPVDH,48.94309999999994
TitlePF3W3,51.03849999999989
TitleCLRD7,53.245299999999894
Title8UJDQ,50.890999999999885
Title5DNSM,52.839299999999895
TitleO56F5,54.33449999999988
Title2K05N,49.01349999999996
TitleHQL6Q,52.6997999999999
TitlePOL75,53.27419999999989
TitleH149Z,51.80019999999991
TitleGPKAD,50.68709999999992
Title7QHF1,51.928499999999886
TitleK52R1,51.6070999999999
TitleGBD4N,50.23719999999988
TitleUWIF4,51.805799999999905
TitleK650G,51.80399999999991
Title2J3RP,52.901299999999885
TitleFM63F,52.32939999999989
Title2H7IY,50.790899999999915
Title1LVHT,52.66189999999989
TitleD9415,53.482999999999905
TitleI4YA3,48.99889999999995
TitleZGBPH,53.9904999999999
TitleEX9NJ,52.49529999999989
TitleGADOR,53.26319999999991
TitleA63P3,54.313799999999894
Title45VUD,54.039199999999894
Title5NV8S,50.42609999999994
Title3V1YD,48.396499999999946
TitleSALYL,50.91389999999992
TitleGFAC5,52.57329999999989
Title089HE,52.90729999999989
TitleDL9GJ,54.39849999999988
TitleUHTM4,53.40769999999991
TitleT6597,51.09389999999989
Title4JXJP,53.1830999999999
Title10CGL,53.035799999999895
TitleR230U,54.13319999999988
Title0XBLE,52.40289999999989
TitleRTKQ1,52.96629999999988
TitleCB5C1,52.59509999999989
TitleIG6QE,52.56689999999988
Title3Q3HJ,48.653999999999954
TitleVC5GO,49.26909999999994
Title9MRRH,51.6070999999999
Title6KYB0,51.95739999999991
TitleNPO27,53.06859999999989
Title2L8OW,52.80909999999989
Title5UTR7,52.44569999999989
TitleDXK1W,52.38329999999989
TitleOLE7C,52.199199999999884
TitleXL6Z6,53.20279999999989
TitleCAA9S,50.94029999999989
TitleS1Y5O,48.668599999999955
TitleXMATD,50.93069999999989
TitleKWA72,50.85169999999989
TitleENUVN,53.5135999999999
TitleBW1EW,52.64229999999989
TitleHQ967,52.803099999999894
TitleVGANC,52.95539999999989
TitleOTR0Z,49.39009999999994
TitleS7HU7,51.14549999999989
TitleNQJH0,53.27419999999989
Title8HXM3,53.1877999999999
Title61N9H,50.61229999999995
Title8FDTI,49.39009999999994
Title3FCY5,53.1531999999999
TitleOLVPE,49.041699999999956
TitleWFDXU,52.406699999999894
Title0YDK4,51.08809999999989
TitleBM1J1,54.29979999999987
Title4NNTJ,51.20499999999989
TitleLN5S1,48.396499999999946
TitleD2ASQ,50.789799999999886
TitleA5VUC,53.088999999999885
TitleZ9MGC,54.21289999999988
TitleU5YAN,51.87999999999991
TitleLEEH4,48.93449999999996
Title3DN74,53.16279999999989
TitleB4YP4,49.109399999999944
TitleTH53P,53.5813999999999
Title0RM9L,53.42969999999991
TitleGRMFX,51.20499999999989
TitleU4J6Y,52.177999999999884
TitleHKMEL,53.38939999999991
TitleSHH1C,53.32909999999991
TitleKEFUI,51.4243999999999
TitleWMLN5,50.693199999999926
TitleOMMTU,49.053799999999946
Title2Q1A9,53.79619999999989
TitleMJDL6,50.389299999999885
TitleILV1L,51.785099999999915
TitleQMD0X,54.1565999999999
TitleQ9EJZ,50.85629999999987
Title3G91J,53.23419999999989
Title7CL9L,50.934499999999886
Title4RL5S,52.194299999999885
TitleRBS9E,51.928499999999886
TitleA05R3,50.80209999999989
Title22SSR,49.30749999999994
Title80TYK,51.16389999999989
TitleA40GC,48.34449999999995
TitleIRIEQ,50.72769999999992
Title8NPO9,52.5988999999999
TitleJZ2NF,52.984199999999895
TitleSLJPK,52.135199999999884
TitleNH5I5,48.93449999999996
Title7O3R2,52.59409999999989
TitleBIYMP,49.82889999999994
TitleVZIP5,50.91949999999989
TitleG7BX1,52.59989999999989
TitleO6Z5U,52.89209999999989
TitleWOXPP,52.326699999999875
Title1S5QW,48.910199999999946
TitleXFWI1,52.5988999999999
TitleK6XN7,52.80189999999989
TitleJNMG2,52.63799999999989
Title4YBEE,52.26209999999989
TitleBPK6B,50.856999999999886
Title690RK,51.14839999999988
TitleZNXDK,52.93959999999989
TitleQPIVB,53.1531999999999
TitleD4B9D,48.290299999999945
TitleIUTZC,53.33989999999991
TitleDXXBE,48.99449999999993
TitleXEU8K,54.19489999999988
Title435A8,51.88979999999991
TitleEMEG7,51.16309999999989
TitleIOC2Z,48.38049999999995
TitleQOEH4,52.53769999999989
TitleI6R8T,51.93929999999988
TitleLWAMH,48.32869999999995
TitleVQIJP,52.720899999999894
TitleQJVOB,53.6266999999999
TitleJTUG8,52.326699999999875
TitlePCJK5,52.1458999999999
TitleW6NUX,54.19929999999989
TitleH0MK9,52.67769999999989
TitleCITBB,53.403399999999905
Title3TTX6,53.1719999999999
TitleSNG6L,51.067299999999896
Title9QPAT,54.23319999999988
TitleJE4ED,51.91329999999988
TitleMONPH,50.28679999999988
TitleUHCL9,48.93449999999996
TitleT5N6V,50.62969999999989
TitleL9VTS,51.14549999999989
TitleITQGT,52.80189999999989
TitleYDA9K,48.93109999999995
TitleVV5L7,52.82939999999989
TitleZOQA6,53.442299999999896
Title0R5AG,50.97289999999989
Title1NE07,51.84549999999987
TitleHQ1DR,51.92669999999992
TitleV70ZI,52.420299999999884
TitleMT4BN,52.64949999999989
TitleGAVYD,52.640699999999896
TitleVZFNB,50.494899999999944
TitlePCTNX,52.53809999999989
TitleV6H0Y,50.93069999999989
Title2EI06,54.313799999999894
Title1U117,53.1531999999999
TitleXIDEN,51.87249999999987
TitleF8RSB,51.07849999999989
TitleS8K8L,49.11039999999995
TitleB8JEX,48.856899999999946
TitleRXSOT,53.16279999999989
TitleJK7I2,48.88369999999995
Title44YUQ,54.12179999999988
TitleD53TZ,51.07249999999989
TitlePJHNR,50.80349999999987
TitleEOHQM,51.790899999999915
TitleI1NT0,52.83179999999988
TitleP3NUG,48.87249999999995
TitleUQFC9,53.27249999999991
TitleAMI78,49.05289999999995
TitlePFTQR,52.644499999999894
TitleR3I65,53.8191999999999
TitleUQKH9,51.92319999999991
TitleCR7TX,51.107799999999884
TitleGNZ9A,51.5392999999999
TitleC7BSE,51.12809999999989
TitleSF3JL,53.1931999999999
TitleXX9NB,50.37649999999994
TitleR662H,53.8137999999999
TitleTE3RE,50.08989999999988
Title6U3L5,51.798299999999884
TitleXXWWU,49.15179999999995
TitleY7CAH,48.98989999999995
Title2ENFB,54.31229999999989
TitleH7AWM,52.78029999999989
TitleGSR96,50.53459999999987
TitleA974Y,50.47019999999994
TitleKRD9S,52.057699999999876
TitleIC1XX,53.17799999999989
TitleHF4BN,51.61959999999991
TitleSKPGV,49.25789999999994
TitleN8ORD,53.1531999999999
TitleRULS9,53.3520999999999
TitleX989N,48.662599999999955
TitleLCQ2F,49.641899999999936
TitleODWHI,52.65069999999989
TitleWMB1Z,52.5988999999999
TitleIAMBX,50.73979999999989
TitleMW5XJ,52.92369999999991
TitleUFI52,50.110099999999946
TitleYNEJ5,48.396499999999946
TitleTHPVI,49.04519999999994
TitleXKJI4,53.18599999999989
Title4FAJZ,51.171699999999895
TitleL1LU4,52.26589999999987
TitleT3T7L,49.11039999999995
Title9PWUT,49.175099999999944
TitleGPI1Y,49.05289999999995
TitleJGSGL,49.170299999999955
TitleJTFJF,48.92729999999994
TitleQAY87,51.281299999999895
TitleVZQ1Z,53.442299999999896
TitleBJVZH,52.56609999999989
TitleWGVF6,49.008799999999944
Title84262,53.10659999999989
TitleS708T,52.93269999999988
Title5Y3QW,51.189899999999895
TitleGJ5D5,51.90829999999992
TitleG472T,51.82189999999988
TitleJT36Q,52.74129999999989
TitleGR2WP,52.720899999999894
Title5FQID,54.013699999999886
Title2D482,50.76279999999993
TitleN5G1W,53.693399999999905
TitleVQ2HA,48.98989999999995
TitleU5Q5B,49.10249999999995
TitleL6V9A,48.211299999999945
Title2R8VU,54.07699999999988
Title7HCNJ,51.21349999999989
TitleCD5YZ,48.95029999999995
Title8OKXL,52.63079999999988
TitleHFQT8,52.684699999999886
